<?xml version="1.0"?>

<!DOCTYPE cache-config SYSTEM "cache-config.dtd">

<cache-config>

  <caching-scheme-mapping>
    <cache-mapping>
      <cache-name>near-*</cache-name>
      <scheme-name>MyNearScheme</scheme-name>
    </cache-mapping>
    
    <cache-mapping>
      <cache-name>*</cache-name>
      <scheme-name>MyExtendTCPScheme</scheme-name>
    </cache-mapping>
  </caching-scheme-mapping>

  <caching-schemes>
    <near-scheme>
      <scheme-name>MyNearScheme</scheme-name>
      
      <front-scheme>
        <local-scheme/>
      </front-scheme>
      
      <back-scheme>
        <remote-cache-scheme>
          <scheme-ref>MyExtendTCPScheme</scheme-ref>
        </remote-cache-scheme>
      </back-scheme>
      
      <autostart>true</autostart>
    </near-scheme>
    
    <remote-cache-scheme>
      <scheme-name>MyExtendTCPScheme</scheme-name>
      <service-name>ExtendTcpCacheService</service-name>
      <initiator-config>
        <tcp-initiator>
          <remote-addresses>
            <socket-address>
              <address>localhost</address>
              <port>9099</port>
            </socket-address>
          </remote-addresses>
        </tcp-initiator>
      </initiator-config>
    </remote-cache-scheme>
  </caching-schemes>

</cache-config>