<?xml version="1.0"?>

<!DOCTYPE cache-config SYSTEM "cache-config.dtd">

<cache-config>

  <caching-scheme-mapping>
    TODO: Place cache-mapping here
  </caching-scheme-mapping>

  <caching-schemes>
    <local-scheme>
      <scheme-name>MyLocalCachingScheme</scheme-name>
    </local-scheme>
    
    <distributed-scheme>
      <scheme-name>MyPartitionedScheme</scheme-name>
      <service-name>DistributedCache</service-name>

      <backing-map-scheme>
        <local-scheme>
          <scheme-ref>MyLocalCachingScheme</scheme-ref>
        </local-scheme>
      </backing-map-scheme>

      <autostart>true</autostart>
    </distributed-scheme>
    
    TODO: Place near cache scheme here
    
    <invocation-scheme>
      <scheme-name>example-invocation</scheme-name>
      <service-name>InvocationService</service-name>

      <autostart system-property="tangosol.coherence.invocation.autostart">true</autostart>
    </invocation-scheme>
  </caching-schemes>

</cache-config>