<?xml version="1.0"?>

<!DOCTYPE cache-config SYSTEM "cache-config.dtd">

<cache-config>

  <caching-scheme-mapping>
    <cache-mapping>
      <cache-name>*</cache-name>
      <scheme-name>MyPartitionedScheme</scheme-name>
    </cache-mapping>
  </caching-scheme-mapping>

  <caching-schemes>
    <distributed-scheme>
      <scheme-name>MyPartitionedScheme</scheme-name>
      <service-name>DistributedCache</service-name>

      <backing-map-scheme>
        <local-scheme/>
      </backing-map-scheme>

      <autostart>true</autostart>
    </distributed-scheme>
        
    <invocation-scheme>
      <scheme-name>example-invocation</scheme-name>
      <service-name>InvocationService</service-name>

      <autostart>true</autostart>
    </invocation-scheme>
    
    TODO: Place proxy scheme here
  </caching-schemes>

</cache-config>