<?xml version="1.0"?>

<!DOCTYPE cache-config SYSTEM "cache-config.dtd">

<cache-config>

  <caching-scheme-mapping>
    <cache-mapping>
      <cache-name>*</cache-name>
      <scheme-name>MyNearScheme</scheme-name>
    </cache-mapping>
  </caching-scheme-mapping>

  <caching-schemes>
    <local-scheme>
      <scheme-name>MyLocalCachingScheme</scheme-name>
    </local-scheme>
    
    <distributed-scheme>
      <scheme-name>MyPartitionedScheme</scheme-name>
      <service-name>DistributedCache</service-name>

      <backing-map-scheme>
        <local-scheme>
          <scheme-ref>MyLocalCachingScheme</scheme-ref>
        </local-scheme>
      </backing-map-scheme>

      <autostart>true</autostart>
    </distributed-scheme>
    
    <near-scheme>
      <scheme-name>MyNearScheme</scheme-name>

      <front-scheme>
        <local-scheme>
          <eviction-policy>HYBRID</eviction-policy>
          <high-units>100</high-units>
          <expiry-delay>1m</expiry-delay>
        </local-scheme>
      </front-scheme>

      <back-scheme>
        <distributed-scheme>
          <scheme-ref>MyPartitionedScheme</scheme-ref>
        </distributed-scheme>
      </back-scheme>

      <invalidation-strategy>present</invalidation-strategy>
      <autostart>true</autostart>
    </near-scheme>
    
    <invocation-scheme>
      <scheme-name>example-invocation</scheme-name>
      <service-name>InvocationService</service-name>

      <autostart system-property="tangosol.coherence.invocation.autostart">true</autostart>
    </invocation-scheme>
  </caching-schemes>

</cache-config>