<?xml version="1.0"?>

<!DOCTYPE cache-config SYSTEM "cache-config.dtd">

<cache-config>

  <caching-scheme-mapping>
    <cache-mapping>
      <cache-name>*</cache-name>
      <scheme-name>MyPartitionedScheme</scheme-name>
    </cache-mapping>
  </caching-scheme-mapping>

  <caching-schemes>
    <distributed-scheme>
      <scheme-name>MyPartitionedScheme</scheme-name>
      <service-name>DistributedCache</service-name>

      <backing-map-scheme>
        <local-scheme/>
      </backing-map-scheme>

      <autostart>true</autostart>
    </distributed-scheme>
        
    <invocation-scheme>
      <scheme-name>example-invocation</scheme-name>
      <service-name>InvocationService</service-name>

      <autostart>true</autostart>
    </invocation-scheme>
    
    <proxy-scheme>
      <scheme-name>MyExtendProxyScheme</scheme-name>
      <service-name>ExtendTcpProxyService</service-name>
      <thread-count>50</thread-count>

      <acceptor-config>
        <tcp-acceptor>
          <local-address>
            <address>localhost</address>
            <port>9099</port>
            <reusable>true</reusable>
          </local-address>
        </tcp-acceptor>
      </acceptor-config>

      <serializer>
        <class-name>com.tangosol.io.pof.ConfigurablePofContext</class-name>
      </serializer>
      
      <autostart>true</autostart>
    </proxy-scheme>
  </caching-schemes>

</cache-config>