<?xml version="1.0"?>

<!DOCTYPE cache-config SYSTEM "cache-config.dtd">

<cache-config>

  <caching-scheme-mapping>
    <cache-mapping>
      <cache-name>tx-*</cache-name>
      <scheme-name>transactional</scheme-name>
    </cache-mapping>
  </caching-scheme-mapping>

  <caching-schemes>
    <transactional-scheme>
      <scheme-name>transactional</scheme-name>
      <service-name>TestTxnService</service-name>      
      <autostart>true</autostart>
    </transactional-scheme>
    
    <invocation-scheme>
      <scheme-name>example-invocation</scheme-name>
      <service-name>InvocationService</service-name>
      <autostart system-property="tangosol.coherence.invocation.autostart">true</autostart>
    </invocation-scheme>

  </caching-schemes>

</cache-config>