<?xml version="1.0"?>

<!--
Note: This XML document is an example Coherence Cache Configuration deployment
descriptor that should be customized (or replaced) for your particular caching
requirements. The cache mappings and schemes declared in this descriptor are
strictly for demonstration purposes and are not required.

For detailed information on each of the elements that can be used in this
descriptor please see the Coherence Cache Configuration deployment descriptor
guide included in the Coherence distribution or the "Cache Configuration
Elements" page on the Coherence Wiki (http://wiki.tangosol.com).
-->

<!DOCTYPE cache-config SYSTEM "cache-config.dtd">

<cache-config>
  <!--
  The defaults element defines factory-wide default settings.
  -->
  <defaults>
    <!--
    Note: This element defines the default serializer for all services
    defined within this cache configuration descriptor.

    Valid values include full serializer definitions, as well as named
    references to serializers defined within the "serializers" element of the
    operational configuration.

    Example values include: java, pof. Default value is java.
    -->
    <serializer system-property="tangosol.coherence.serializer"/>

    <!--
    Note: This element defines the default socket-provider for all Coherence
    Extend services defined within this cache configuration descriptor.

    Valid values include full socket-provider defintions, as well as named
    references to providers defined within the "socket-providers" element of the
    operational configuration.

    This setting only specifies the default socket-provider for Coherence
    Extend services; TCMP's socket-provider is specified within the
    "unicast-listener" of the operational configuration.

    Example values include: system, ssl. Default value is system.
    -->
    <socket-provider system-property="tangosol.coherence.socketprovider"/>
  </defaults>

  <caching-scheme-mapping>
    <cache-mapping>
      <cache-name>dist-*</cache-name>
      <scheme-name>example-distributed</scheme-name>
      <init-params>
        <init-param>
          <param-name>back-size-limit</param-name>
          <param-value>8MB</param-value>
        </init-param>
      </init-params>
    </cache-mapping>

    <cache-mapping>
      <cache-name>near-*</cache-name>
      <scheme-name>example-near</scheme-name>
      <init-params>
        <init-param>
          <param-name>back-size-limit</param-name>
          <param-value>8MB</param-value>
        </init-param>
      </init-params>
    </cache-mapping>

    <cache-mapping>
      <cache-name>repl-*</cache-name>
      <scheme-name>example-replicated</scheme-name>
    </cache-mapping>

    <cache-mapping>
      <cache-name>opt-*</cache-name>
      <scheme-name>example-optimistic</scheme-name>
      <init-params>
        <init-param>
          <param-name>back-size-limit</param-name>
          <param-value>5000</param-value>
        </init-param>
      </init-params>
    </cache-mapping>

    <cache-mapping>
      <cache-name>local-*</cache-name>
      <scheme-name>example-object-backing-map</scheme-name>
    </cache-mapping>

    <cache-mapping>
      <cache-name>tx-*</cache-name>
      <scheme-name>example-transactional</scheme-name>
    </cache-mapping>

    <cache-mapping>
      <cache-name>*</cache-name>
      <scheme-name>example-distributed</scheme-name>
    </cache-mapping>
    
     <cache-mapping>
      <cache-name>Customers</cache-name>
      <!-- Configure this cache to use the scheme defined below  -->
      <scheme-name>CustomCacheStoreScheme</scheme-name>
    </cache-mapping>
    
  </caching-scheme-mapping>

  <caching-schemes>
      <distributed-scheme>
      <scheme-name>CustomCacheStoreScheme</scheme-name>
      <service-name>CustomCacheStoreSchemeCache</service-name>
      <backing-map-scheme>
        <read-write-backing-map-scheme>
          <internal-cache-scheme>
            <local-scheme/>
          </internal-cache-scheme>
          <!-- Define the cache store scheme -->
          <cachestore-scheme>
            <class-scheme>
              <class-name>
                retail.cachestore.CustomerCachestore
              </class-name>
              <init-params>

                <!-- This param is the configuration info -->
                <init-param>
                  <param-type>java.lang.String</param-type>
                  <param-value>jdbc:oracle:thin:@localhost:1521:XE</param-value>
                </init-param>

                <!-- This param is the oracle xe username -->
                <init-param>
                  <param-type>java.lang.String</param-type>
                  <param-value>COHERENCE</param-value>
                </init-param>

                <!-- This param is the oracle xe usernames password -->
                <init-param>
                  <param-type>java.lang.String</param-type>
                  <param-value>COHERENCE</param-value>
                </init-param>
              </init-params>
            </class-scheme>
          </cachestore-scheme>
        </read-write-backing-map-scheme>
      </backing-map-scheme>
    </distributed-scheme>
    <!--
    Distributed caching scheme.
    -->
    <distributed-scheme>
      <scheme-name>example-distributed</scheme-name>
      <service-name>DistributedCache</service-name>

      <backing-map-scheme>
        <local-scheme>
          <scheme-ref>example-binary-backing-map</scheme-ref>
        </local-scheme>
      </backing-map-scheme>

      <autostart>true</autostart>
    </distributed-scheme>

    <!--
    Near caching (two-tier) scheme with size limited local cache
    in the front-tier and a distributed cache in the back-tier.
    -->
    <near-scheme>
      <scheme-name>example-near</scheme-name>

      <front-scheme>
        <local-scheme>
          <eviction-policy>HYBRID</eviction-policy>
          <high-units>100</high-units>
          <expiry-delay>1m</expiry-delay>
        </local-scheme>
      </front-scheme>

      <back-scheme>
        <distributed-scheme>
          <scheme-ref>example-distributed</scheme-ref>
        </distributed-scheme>
      </back-scheme>

      <invalidation-strategy>present</invalidation-strategy>
      <autostart>true</autostart>
    </near-scheme>

    <!--
    Replicated caching scheme.
    -->
    <replicated-scheme>
      <scheme-name>example-replicated</scheme-name>
      <service-name>ReplicatedCache</service-name>

      <backing-map-scheme>
        <local-scheme>
          <scheme-ref>unlimited-backing-map</scheme-ref>
        </local-scheme>
      </backing-map-scheme>

      <autostart>true</autostart>
    </replicated-scheme>

    <!--
    Optimistic caching scheme.
    -->
    <optimistic-scheme>
      <scheme-name>example-optimistic</scheme-name>
      <service-name>OptimisticCache</service-name>

      <backing-map-scheme>
        <local-scheme>
          <scheme-ref>example-object-backing-map</scheme-ref>
        </local-scheme>
      </backing-map-scheme>

      <autostart>true</autostart>
    </optimistic-scheme>

    <!--
     A scheme used by backing maps that may store data in object format and
     employ size limitation and/or expiry eviction policies.
    -->
    <local-scheme>
      <scheme-name>example-object-backing-map</scheme-name>

      <eviction-policy>HYBRID</eviction-policy>
      <high-units>{back-size-limit 0}</high-units>
      <expiry-delay>{back-expiry 1h}</expiry-delay>
      <flush-delay>1m</flush-delay>

      <cachestore-scheme></cachestore-scheme>
    </local-scheme>

    <!--
     A scheme used by backing maps that store data in internal (binary) format
     and employ size limitation and/or expiry eviction policies.
    -->
    <local-scheme>
      <scheme-name>example-binary-backing-map</scheme-name>

      <eviction-policy>HYBRID</eviction-policy>
      <high-units>{back-size-limit 0}</high-units>
      <unit-calculator>BINARY</unit-calculator>
      <expiry-delay>{back-expiry 1h}</expiry-delay>
      <flush-delay>1m</flush-delay>

      <cachestore-scheme></cachestore-scheme>
    </local-scheme>

    <!--
    Backing map scheme definition used by all the caches that do
    not require any eviction policies
    -->
    <local-scheme>
      <scheme-name>unlimited-backing-map</scheme-name>
    </local-scheme>

   <!--
    ReadWriteBackingMap caching scheme.
    -->
    <read-write-backing-map-scheme>
      <scheme-name>example-read-write</scheme-name>

      <internal-cache-scheme>
        <local-scheme>
          <scheme-ref>example-binary-backing-map</scheme-ref>
        </local-scheme>
      </internal-cache-scheme>

      <cachestore-scheme></cachestore-scheme>

      <read-only>true</read-only>
      <write-delay>0s</write-delay>
    </read-write-backing-map-scheme>

    <!--
    Overflow caching scheme with example eviction local cache
    in the front-tier and the example LH-based cache in the back-tier.
    -->
    <overflow-scheme>
      <scheme-name>example-overflow</scheme-name>

      <front-scheme>
        <local-scheme>
          <scheme-ref>example-binary-backing-map</scheme-ref>
        </local-scheme>
      </front-scheme>

      <back-scheme>
        <external-scheme>
          <scheme-ref>example-bdb</scheme-ref>
        </external-scheme>
      </back-scheme>
    </overflow-scheme>

    <!--
    External caching scheme using Berkley DB.
    -->
    <external-scheme>
      <scheme-name>example-bdb</scheme-name>

      <bdb-store-manager>
        <directory></directory>
      </bdb-store-manager>

      <high-units>0</high-units>
    </external-scheme>

    <!--
    External caching scheme using memory-mapped files.
    -->
    <external-scheme>
      <scheme-name>example-nio</scheme-name>

      <nio-file-manager>
        <initial-size>8MB</initial-size>
        <maximum-size>512MB</maximum-size>
        <directory></directory>
      </nio-file-manager>

      <high-units>0</high-units>
    </external-scheme>

    <!--
    Invocation Service scheme.
    -->
    <invocation-scheme>
      <scheme-name>example-invocation</scheme-name>
      <service-name>InvocationService</service-name>

      <autostart system-property="tangosol.coherence.invocation.autostart">true</autostart>
    </invocation-scheme>

    <!--
    Proxy Service scheme that allows remote clients to connect to the
    cluster over TCP/IP.
    -->
    <proxy-scheme>
      <scheme-name>example-proxy</scheme-name>
      <service-name>TcpProxyService</service-name>

      <acceptor-config>
        <tcp-acceptor>
          <local-address>
            <address system-property="tangosol.coherence.extend.address">localhost</address>
            <port system-property="tangosol.coherence.extend.port">9099</port>
          </local-address>
        </tcp-acceptor>
      </acceptor-config>

      <autostart system-property="tangosol.coherence.extend.enabled">false</autostart>
    </proxy-scheme>

    <!--
    Transactional caching scheme.
    -->
    <transactional-scheme>
      <scheme-name>example-transactional</scheme-name>
      <service-name>TransactionalCache</service-name>
    </transactional-scheme>

  </caching-schemes>
</cache-config>